Year,Month,Volume Horticulture  (Tonnes),Average Horticulture (Kshs. per Tonne),Annual Average Inflation ,Diaspora Remittances,Euro ex,Sterling Pound ex,US ex,CB Deposit,CB Savings,CB Overdraft ,CB Lending ,Active Agents,Total Registered Mobile Money Accounts (Millions),Total Agent Cash in Cash Out (Volume Million),Total Agent Cash in Cash Out (Value KSh billions),date
2007,Jan,17112.39,188541.52,6.08,40930.36,90.87,136.91,69.89,4.35,1.42,14.11,13.78,307,0.020992,0.021714,0.0643905,1/1/2007
2007,Feb,18905.81,175393.06,5.55,39533.07,91.04,136.4,69.62,4.21,1.41,14.05,13.64,307,0.020992,0.021714,0.0643905,2/1/2007
2007,Mar,24796.49,148545.24,4.99,48561,91.77,134.91,69.29,4.19,1.43,13.95,13.56,307,0.020992,0.021714,0.0643905,3/1/2007
2007,Apr,22748.93,168518.27,4.69,38250.91,92.68,136.4,68.58,4.11,1.35,13.26,13.33,362,0.054944,0.07,0.220896,4/1/2007
2007,May,22885.72,168111.86,4.47,41163.5,90.82,133.31,67.19,4.14,1.57,13.35,13.38,447,0.107733,0.15,0.483709,5/1/2007
2007,Jun,16719.94,167822.41,4.46,48642.95,89.33,132.25,66.58,4.18,1.54,13.2,13.14,527,0.175652,0.233661,0.720102,6/1/2007
2007,Jul,16470.88,181701.44,4.57,53350.83,91.99,136.41,67.07,4.33,1.65,13.34,13.29,681,0.268499,0.354298,1.06537,7/1/2007
2007,Aug,38260.99,81401.34,4.6,58803.32,91.15,134.57,66.95,4.31,1.6,13.39,13.04,819,0.432555,0.516239,1.57991,8/1/2007
2007,Sep,22829.59,139736.45,4.57,60575.1,93.06,135.19,67.02,4.34,1.67,13.26,12.87,960,0.635761,0.669689,2.06969,9/1/2007
2007,Oct,25974.83,156071.12,4.48,46847.77,95.09,136.52,66.85,4.27,1.64,13.29,13.24,1196,0.875962,0.958908,2.82955,10/1/2007
2007,Nov,22410.96,174433.68,4.45,55564.09,96.13,135.79,65.49,4.33,1.65,13.43,13.39,1379,1.1332,1.22174,3.51495,11/1/2007
2007,Dec,15334.61,190398.64,4.27,41420.52,86.09,119.89,63.3,4.32,1.67,12.96,13.32,1582,1.34527,1.2741,3.77027,12/1/2007
2008,Jan,24027.9,217850.8,4.69,53925,100.16,134.01,68.08,4.37,1.72,13.41,13.78,1812,1.5891,1.34683,4.05904,1/1/2008
2008,Feb,23409.42,229842.72,5.32,50382.35,103.96,138.46,70.62,4.37,1.7,13.26,13.84,2067,1.82153,1.7399,5.21979,2/1/2008
2008,Mar,25279.87,187825.1,6.13,59344.15,100.79,130.08,64.92,4.43,1.72,13.48,14.06,2329,2.07553,2.3975,6.74745,3/1/2008
2008,Apr,28111.46,168851.28,7.32,67871.79,98.08,123.37,62.26,4.41,1.71,13.46,13.91,2606,2.37346,3.07289,8.38964,4/1/2008
2008,May,21819.85,199630.67,8.7,48537.97,96.32,121.62,61.9,4.45,1.71,13.53,14.01,2770,2.71813,4.02127,10.9042,5/1/2008
2008,Jun,19850.06,196490.75,9.86,49490,99.21,125.27,63.78,4.48,1.7,13.3,14.06,3011,3.03852,4.20144,10.9172,6/1/2008
2008,Jul,18658.66,202460.37,10.83,44136.82,105.41,132.62,66.7,4.54,1.67,13.46,13.9,3378,3.36719,5.39108,14.0171,7/1/2008
2008,Aug,15843.19,207364.39,11.92,43387.67,101.24,127.97,67.68,4.65,1.68,13.11,13.66,3761,3.72618,6.34241,16.7563,8/1/2008
2008,Sep,18384.52,210215.02,13.02,48953,102.96,128.58,71.41,4.62,1.73,13.43,13.66,4230,4.14304,7.15191,19.2699,9/1/2008
2008,Oct,14202.87,337606.99,14.13,61112.9,101.67,129.38,76.66,4.65,1.74,13.91,14.12,4781,4.42028,8.30365,21.6007,10/1/2008
2008,Nov,20283.83,201177.15,15.25,43970.23,99.33,119.59,78.18,4.86,1.61,13.85,14.33,5399,4.75139,8.56681,21.7,11/1/2008
2008,Dec,22076.9,195030.94,16.27,40128.68,105.56,116.53,78.04,4.89,1.65,14.39,14.87,6104,5.08247,10.2051,26.99,12/1/2008
2009,Jan,22747.61,199228.59,16.56,39535.31,104.85,114.28,78.95,5.19,2.1,13.84,14.78,7304,5.47828,10.1906,27.0749,1/1/2009
2009,Feb,24937.55,186838.56,16.87,53352.73,101.73,114.54,79.53,5.23,2.13,13.46,14.67,7512,5.81602,11.0793,28.6863,2/1/2009
2009,Mar,24105.16,201676.55,17.07,55360.53,104.98,113.98,80.26,5.09,1.9,13.78,14.87,13358,6.28952,13.5541,33.8202,3/1/2009
2009,Apr,22711.82,195605.87,16.72,48116.54,105.08,116.98,79.63,5.12,1.91,13.66,14.71,14790,6.53192,13.7796,34.0201,4/1/2009
2009,May,20276.31,189661.06,15.93,49180.22,106.23,120.03,77.86,5.1,1.67,14.13,14.85,16029,6.8427,15.0488,36.8062,5/1/2009
2009,Jun,20488.39,217365.16,15.11,46347.13,109.03,127.22,77.85,5.28,2.08,14.41,15.09,16641,7.19062,15.9846,38.1756,6/1/2009
2009,Jul,21520.62,224752.52,14.35,50372.12,108.02,125.58,76.75,5.09,1.67,13.94,14.79,18504,7.42641,16.8986,40.3374,7/1/2009
2009,Aug,16281.15,218871.32,13.42,55946.55,108.84,126.34,76.37,5,1.65,13.9,14.76,18780,7.7141,17.0104,40.6787,8/1/2009
2009,Sep,17171.27,245326.51,12.41,53347,110.01,123.57,75.61,5.05,1.65,13.76,14.74,19803,8.01624,18.3703,45.3683,9/1/2009
2009,Oct,18085.09,235381.6,11.42,53037,111.25,121.65,75.24,5.03,1.85,14.03,14.78,20631,8.36803,19.92,48.6365,10/1/2009
2009,Nov,17270.92,248763.98,10.24,48230.85,111.68,124.14,74.74,5.06,1.71,14.24,14.85,22476,8.61529,19.975,47.4656,11/1/2009
2009,Dec,22561.97,246413.86,9.24,56328.98,110.27,122.54,75.43,4.84,1.73,14.13,14.76,23012,8.88258,21.6891,52.3417,12/1/2009
2010,Jan,23411.79,206605.92,8.64,45116.91,108.27,122.53,75.79,5,1.75,14.25,14.98,24850,9.4767,20.0767,48.4625,1/1/2010
2010,Feb,22331.67,210332.45,7.88,46423.36,105.09,120.1,76.73,4.89,1.81,14.25,14.98,25394,9.67495,20.8087,49.9055,2/1/2010
2010,Mar,29701.68,198327.82,7.03,52308.96,104.46,115.78,76.95,4.74,1.81,13.59,14.8,27622,9.97211,24.0758,56.1167,3/1/2010
2010,Apr,25323.03,181882.55,6.32,52678.85,103.71,118.51,77.25,4.49,1.85,14.5,14.58,29570,10.2026,22.6933,51.8136,4/1/2010
2010,May,33377.5,169689.49,5.85,51172.45,98.79,115.2,78.54,4.58,1.76,14.38,14.46,31036,10.4928,24.6984,58.0795,5/1/2010
2010,Jun,32165.04,166272.05,5.43,52540.68,98.99,119.63,81.02,4.45,1.75,14.23,14.39,31902,10.9147,25.0338,58.0993,6/1/2010
2010,Jul,34881.62,146645.76,5.03,50652.17,103.9,124.34,81.43,3.85,1.55,14.03,14.29,32974,13.4701,26.915,61.7728,7/1/2010
2010,Aug,24157.08,185867.03,4.69,51992.59,103.79,125.94,80.44,3.74,1.5,13.97,14.18,33864,14.5893,26.8233,61.531,8/1/2010
2010,Sep,29416.89,191350.77,4.4,58557.24,105.61,125.94,80.91,3.53,1.47,13.81,13.98,35373,15.2239,29.4457,68.5062,9/1/2010
2010,Oct,26853,214080.42,4.12,58503.45,112.2,127.98,80.71,3.58,1.46,13.64,13.85,37009,15.7346,31.3186,71.7947,10/1/2010
2010,Nov,30450.25,216563.93,4.02,56379.58,110.07,128.52,80.46,3.54,1.4,13.77,13.95,38201,16.075,30.0386,70.2727,11/1/2010
2010,Dec,30781.66,202280.62,3.96,65617,106.54,125.65,80.57,3.59,1.45,13.69,13.87,39449,16.4463,29.1183,75.8654,12/1/2010
2011,Jan,27581.24,198144.51,3.93,64139,108.16,127.7,81.03,3.43,1.25,13.93,14.03,33968,16.6901,28.2047,75.4328,1/1/2011
2011,Feb,31270.34,201345.23,4.05,60759.24,111.29,131.45,81.47,3.41,1.41,13.65,13.92,34572,16.8928,28.5462,76.3366,2/1/2011
2011,Mar,34495.76,202306.79,4.49,71556.85,117.88,136.1,84.21,3.47,1.37,13.6,13.92,36198,17.4653,32.7301,88.9966,3/1/2011
2011,Apr,28767.62,223576.57,5.2,70070.7,121.14,137.14,83.89,3.47,1.38,13.68,13.92,37309,17.7573,32.4254,86.0877,4/1/2011
2011,May,29835.92,219302.89,5.96,68124,122.42,139.54,85.43,3.51,1.38,13.72,13.88,38485,17.9239,35.3457,94.3724,5/1/2011
2011,Jun,27827.53,232548.57,6.88,71888.44,128.11,144.4,89.05,3.68,1.37,13.59,13.91,42840,18.1469,35.8222,92.6437,6/1/2011
2011,Jul,19548.95,270239.2,7.88,72797.23,128.48,145,89.9,3.85,1.37,13.89,14.14,43577,18.3082,37.9763,99.7104,7/1/2011
2011,Aug,24377.48,227994.13,9,79563.49,133.04,151.9,92.79,4.07,1.37,14.28,14.32,44762,18.6128,39.2993,107.424,8/1/2011
2011,Sep,26472.09,237450.05,10.18,84854.21,132.68,152.12,96.36,4.21,1.35,14.64,14.79,46234,18.8916,39.2139,108.615,9/1/2011
2011,Oct,27154.61,233651.31,11.49,81310.99,138.74,159.41,101.27,4.83,1.33,14.87,15.21,47874,19.2097,40.55,109.119,10/1/2011
2011,Nov,25523.67,231122.45,12.82,80802,127.13,148.17,93.68,5.75,1.41,18.67,18.51,49091,19.46,41.1769,112.332,11/1/2011
2011,Dec,21006.78,213643.85,14.02,85244.3,114.15,135.1,86.66,6.99,1.59,20.2,20.04,50471,19.191,41.7075,118.08,12/1/2011
2012,Jan,22892.04,203710.49,15.1,89755.14,111.42,133.94,86.34,7.66,1.62,20.38,19.54,52315,18.834,40.2449,114.06,1/1/2012
2012,Feb,22732.2,225764.6,15.93,103970.44,110.06,131.42,83.18,8.01,1.69,20.53,20.28,53685,18.7921,41.7805,116.691,2/1/2012
2012,Mar,27484.87,201059.04,16.45,106198.44,109.55,131.18,82.9,8.01,1.72,20.53,20.34,55726,19.2393,45.757,126.093,3/1/2012
2012,Apr,28659.91,223718.49,16.5,95624.98,109.57,133.19,83.19,9.04,1.58,20.27,20.22,56717,19.53,44.35,117.36,4/1/2012
2012,May,25130.6,215056.09,16.4,100994.93,107.99,134.34,84.38,8.42,1.59,20.41,20.12,59057,19.6943,47.9655,128.403,5/1/2012
2012,Jun,21218.72,224849.15,15.97,99488.25,106.51,131.95,84.79,7.88,1.46,20.36,20.3,61313,19.7956,47.8763,124.02,6/1/2012
2012,Jul,30447.72,197466.58,15.27,92736.45,103.6,131.27,84.14,8.25,1.66,19.96,20.15,63165,19.58,49.35,129.28,7/1/2012
2012,Aug,29138.47,203400.05,14.33,94819.42,104.2,132.05,84.08,7.85,1.58,20.31,20.13,64439,19.38,49.7,131.38,8/1/2012
2012,Sep,25410.88,228462.8,13.29,92518.56,108.8,136.26,84.61,7.4,1.55,19.8,19.73,67301,19.71,48.94,130.69,9/1/2012
2012,Oct,31579.35,226643.95,12.04,91627.12,110.35,136.81,85.11,6.86,1.6,19.13,19.04,70972,20.02,51.89,137.68,10/1/2012
2012,Nov,26420.04,213813.61,10.67,97504.22,109.91,136.77,85.63,8.71,1.58,18.77,17.78,75226,20.25,53.56,138.99,11/1/2012
2012,Dec,24043.91,248306.5,9.38,105656.42,112.77,138.78,85.99,6.8,1.6,17.79,18.15,76912,21.06,55.96,150.16,12/1/2012
2013,Jan,31279.06,208955.63,8.2,102969.37,115.47,138.8,86.9,6.51,1.65,17.97,18.13,85548,21.4181,53.4068,142.653,1/1/2013
2013,Feb,37044.1,210652.69,7.24,102371.69,116.86,135.54,87.45,6.29,1.61,17.68,17.84,88393,21.8024,53.4683,141.126,2/1/2013
2013,Mar,34584.92,196712.22,6.33,103392.65,111.31,129.42,85.82,6.54,1.42,17.54,17.73,93211,22.3292,52.3949,134.446,3/1/2013
2013,Apr,32283.55,186782.92,5.61,104992.58,109.65,128.81,84.19,6.39,1.45,17.71,17.87,96319,23.0185,55.9993,142.609,4/1/2013
2013,May,34841.84,193679.79,4.96,110149.53,109.18,128.73,84.15,6.53,1.53,17.6,17.45,100584,23.47,60.34,158.77,5/1/2013
2013,Jun,33633.58,182581.75,4.56,99808.5,112.81,132.42,85.49,6.65,1.73,16.92,16.97,103165,23.75,60.03,152.5,6/1/2013
2013,Jul,33802.25,170652.17,4.44,112833.82,113.66,131.95,86.86,6.59,1.64,17,17.02,105669,24.27,62.71,162.76,7/1/2013
2013,Aug,32177.09,170181.56,4.5,107049.17,116.51,135.47,87.49,6.36,1.67,16.89,16.96,108559,23.87,64.71,168.1,8/1/2013
2013,Sep,29482.54,198713.39,4.75,107451.67,116.67,138.54,87.41,6.55,1.64,16.42,16.86,110432,23.97,63.43,165.59,9/1/2013
2013,Oct,34479.42,201319.41,5.05,112918.53,116.33,137.31,85.31,6.43,1.63,16.96,17,111697,24.43,68.27,175.29,10/1/2013
2013,Nov,32054.14,199058.33,5.39,113420.43,116.22,138.64,86.1,6.61,1.58,16.5,16.89,112947,24.9,68.7,175.22,11/1/2013
2013,Dec,32443.67,200706.49,5.72,113216.46,118.18,141.37,86.31,6.65,1.58,16.51,16.99,113130,25.3263,69.1378,182.495,12/1/2013
2014,Jan,30613.09,212031.26,6.01,110968.89,117.5,141.99,86.21,6.55,1.56,16.82,17.03,114107,25.7568,67.0519,178.478,1/1/2014
2014,Feb,31318.17,208743.42,6.21,110421.13,117.81,142.81,86.28,6.57,1.49,16.88,17.06,115015,26.1164,65.5934,172.797,2/1/2014
2014,Mar,34520.8,214739.25,6.39,119584.76,119.58,143.76,86.49,6.61,1.56,16.44,16.91,116196,26.208,73.9817,192.695,3/1/2014
2014,Apr,31288.07,202793.54,6.58,113408.95,119.78,145.08,86.72,6.48,1.53,16.44,16.7,116581,26.1399,72.0955,186.664,4/1/2014
2014,May,33664.57,207191.02,6.85,119656.55,120.09,147.29,87.41,6.42,1.54,17.85,16.97,117807,25.8152,74.5472,198.131,5/1/2014
2014,Jun,32770.93,206755,7.05,116064.37,119.16,148.15,87.61,6.56,1.5,15.88,16.36,120781,25.9284,74.0288,189.911,6/1/2014
2014,Jul,35042.2,196832.21,7.19,117100.97,118.93,150.01,87.77,6.59,1.33,17.12,16.91,122462,26.2265,77.4651,200.992,7/1/2014
2014,Aug,34377.2,177205.38,7.33,128825.85,117.4,147.24,88.11,6.51,1.5,16.2,16.26,124708,26.333,78.8987,206.72,8/1/2014
2014,Sep,32285.61,209711.25,7.19,127399.06,114.74,144.99,88.84,6.64,1.51,15.79,16.04,124179,26.2995,78.1748,206.341,9/1/2014
2014,Oct,28131.97,234003.86,7.08,120907.37,113.21,143.66,89.23,6.64,1.55,15.77,16,128706,25.996,82.8925,210.277,10/1/2014
2014,Nov,28874.32,217595.35,6.97,113971.98,112.28,142.05,89.96,6.72,1.52,15.66,15.94,121419,24.9465,80.9984,203.239,11/1/2014
2014,Dec,27672.67,218766.34,6.88,130172,111.52,141.45,90.44,6.81,1.85,15.86,15.99,123703,25.2492,85.6071,225.549,12/1/2014
2015,Jan,27672.67,218766.34,6.74,114642.36,106.32,138.49,91.36,6.65,1.58,15.95,15.93,125826,25.3972,81.6534,210.54,1/1/2015
2015,Feb,29963.34,232926.85,6.63,123236.2,103.95,140.21,91.49,6.68,1.53,15.67,15.47,127187,25.4556,80.7405,208.132,2/1/2015
2015,Mar,35420.24,204265.46,6.63,126259.39,99.41,137.51,91.73,6.63,1.53,15.68,15.46,128591,25.6902,90.3477,231.836,3/1/2015
2015,Apr,28803.62,195422.11,6.69,124473.23,100.71,139.62,93.44,6.6,1.9,15.52,15.4,129218,26.1392,84.9056,213.746,4/1/2015
2015,May,30506.78,216606.54,6.65,129101.43,107.54,149.1,96.39,6.55,1.48,15.1,15.26,129735,26.4645,89.9024,230.152,5/1/2015
2015,Jun,32615.68,170274.33,6.63,135962.97,109.72,152.16,97.71,6.64,1.85,15.67,16.06,131761,26.5028,90.6686,227.921,6/1/2015
2015,Jul,46364.74,197864.57,6.54,131054.75,111.36,157.53,101.2,6.31,1.37,16.05,15.75,133989,26.7382,93.9985,238.864,7/1/2015
2015,Aug,44637.85,231105.27,6.34,132949.34,114.09,159.77,102.43,6.91,1.5,15.98,15.68,136042,27.0497,94.12,248.154,8/1/2015
2015,Sep,44637.85,231105.27,6.29,128483.84,118.23,161.54,105.28,7.28,1.71,16.61,16.82,138131,27.312,96.32,247.506,9/1/2015
2015,Oct,33267.27,239523.92,6.31,137145.6,115.3,157.44,102.78,7.54,1.68,16.81,16.58,140612,27.537,102.75,255.808,10/1/2015
2015,Nov,25491.66,231019.76,6.42,130718.25,109.77,155.43,102.17,7.39,1.32,17.44,17.16,142386,28.064,101.33,236.372,11/1/2015
2015,Dec,27929.26,214700.25,6.58,134004.83,111.11,153.29,102.2,8.02,1.56,18.48,18.3,143946,28.6447,107.44,267.068,12/1/2015
2016,Jan,39159.83,198872.31,6.77,137493.66,111.11,147.53,102.31,7.57,1.56,18.45,18,146710,29.0976,95.52,242.372,1/1/2016
2016,Feb,38606.3,190177.98,6.87,136978.98,113.02,145.86,101.93,7.49,1.4,18.25,17.91,148982,29.489,100.983,257.185,2/1/2016
2016,Mar,49777.86,190713.24,6.88,141106.91,112.6,144.24,101.49,7.17,1.35,18.14,17.87,150987,30.696,107.855,273.585,3/1/2016
2016,Apr,47471.94,178363.89,6.72,143525.5,114.84,144.79,101.23,6.89,1.49,18.08,18.04,153762,31.438,105.506,269.82,4/1/2016
2016,May,35615.31,221787.07,6.59,146759.92,113.96,146.27,100.73,6.44,1.59,18.2,18.22,156349,31.296,107.821,277.94,5/1/2016
2016,Jun,35615.31,221787.07,6.46,146658.36,113.69,144.32,101.15,6.78,1.6,18.09,18.18,162465,31.386,106.342,270.973,6/1/2016
2016,Jul,34901.94,209696.07,6.44,134661.39,112.1,133.42,101.33,6.64,1.67,17.84,18.1,167072,32.336,110.514,281.854,7/1/2016
2016,Aug,37398.56,199297,6.47,146744.28,113.66,132.89,101.41,6.42,1.68,17.96,17.66,173774,32.757,114.156,297.229,8/1/2016
2016,Sep,36407.23,207743.64,6.5,143188.32,113.48,133.15,101.27,6.94,3.78,13.74,13.86,173731,33.435,112.586,284.055,9/1/2016
2016,Oct,33572.47,193911.2,6.48,142554.52,111.89,125.47,101.32,7.82,6.08,13.48,13.73,181456,34.037,122.45,292.092,10/1/2016
2016,Nov,39327.33,229862.09,6.43,143690.64,109.98,126.29,101.75,7.65,6.52,13.49,13.67,162441,34.281,120.932,291.227,11/1/2016
2016,Dec,29846.85,224137.5,6.3,160940.65,107.67,127.68,102.13,7.33,6.37,13.49,13.66,165908,34.957,126.349,316.773,12/1/2016
2017,Jan,21832.71,314937.1,6.26,142403.1,110.17,128.01,103.75,7.2,6.09,13.3,13.66,152547,33.343,122.03,299.486,1/1/2017
2017,Feb,21896.64,388479.84,6.43,142665.82,110.36,129.46,103.64,7.65,6.81,13.32,13.69,154908,33.291,117.495,279.386,2/1/2017
2017,Mar,24279.36,327691.75,6.76,147529.74,109.87,126.87,102.85,7.12,5.89,13.29,13.61,157855,33.919,133.336,320.18,3/1/2017
2017,Apr,20979.75,347687.11,7.2,138604.21,110.68,130.43,103.33,6.97,5.67,13.3,13.61,160076,34.286,128.885,297.437,4/1/2017
2017,May,20979.75,347687.11,7.84,161500.79,114.05,133.46,103.26,7.07,5.85,13.44,13.71,164674,34.205,132.455,315.448,5/1/2017
2017,Jun,27191.57,299993.36,8.13,154876.06,116.18,132.47,103.49,7.15,5.63,13.38,13.66,165109,34.178,125.897,299.789,6/1/2017
2017,Jul,29012.77,292185.08,8.21,152309.27,119.4,134.86,103.88,7.43,6.4,13.65,13.7,169480,34.578,128.105,308.893,7/1/2017
2017,Aug,29012.77,292185.08,8.36,166411.72,122.24,134.24,103.56,7.67,5.94,13.66,13.65,167353,35.333,120.645,286.341,8/1/2017
2017,Sep,23601.61,299799.56,8.4,176098.17,122.85,137.09,103.12,7.66,6.43,13.65,13.69,167775,35.537,128.457,300.917,9/1/2017
2017,Oct,26307.64,317923.59,8.33,185503.87,121.59,136.44,103.39,8.01,6.92,13.68,13.71,170389,36.0008,134.198,299.018,10/1/2017
2017,Nov,23632.5,331070.4,8.15,175181.19,121.42,136.78,103.57,8.07,6.93,13.6,13.68,176986,36.3906,131.738,298.957,11/1/2017
2017,Dec,21086.26,371382.43,7.98,203819.83,121.97,138.24,103.1,8.22,6.91,13.54,13.64,182472,37.3868,139.934,332.622,12/1/2017
2018,Jan,33540.15,269568.56,7.79,208921.56,125.37,141.95,102.92,8.26,6.97,13.61,13.65,188029,37.8418,136.658,322.984,1/1/2018
2018,Feb,41284.78,262657.39,7.4,210361.58,125.29,141.72,101.4,8.25,7.01,13.75,13.68,192117,38.4185,132.297,300.852,2/1/2018
2018,Mar,42201.46,259711.58,6.89,222222.55,124.68,141.24,101.18,8.16,6.85,13.4,13.49,196002,39.34,147.52,337.11,3/1/2018
2018,Apr,39521.51,249313.9,6.24,217101.47,123.65,141.86,100.61,8.17,6.72,13.29,13.24,201795,40.2881,142.056,312.999,4/1/2018
2018,May,39521.51,249313.9,5.61,253734.04,118.96,135.68,100.66,8.08,6.64,13.3,13.25,202387,41.729,140.954,328.97,5/1/2018
2018,Jun,48833.43,218854.57,5.2,266186.58,117.98,134.24,101,8.04,6.6,13.23,13.22,197286,42.581,137.412,317.671,6/1/2018
2018,Jul,48833.43,218854.57,4.95,215268.48,117.6,132.58,100.67,8.01,6.53,13.16,13.1,200227,42.613,143.087,332.352,7/1/2018
2018,Aug,48833.43,218854.57,4.63,215556.38,116.25,129.68,100.61,7.78,6.52,12.9,12.78,202627,43.5588,149.517,348.912,8/1/2018
2018,Sep,36107.71,271902.49,4.53,205134.8,117.66,131.65,100.83,7.76,6.33,12.52,12.66,203359,44.2723,145.988,327.663,9/1/2018
2018,Oct,35555.45,262148.78,4.53,219207.98,116.2,131.6,101.08,7.63,5.7,12.42,12.61,211961,45.4371,155.16,343.225,10/1/2018
2018,Nov,35555.45,262148.78,4.59,220215.34,116.35,132.08,102.36,7.41,5.38,12.11,12.55,206312,46.2334,153.15,343.866,11/1/2018
2018,Dec,29185.44,277186.75,4.69,243551.63,116.45,129.74,102.29,7.41,5.13,12.17,12.51,205745,47.6943,155.774,367.766,12/1/2018
2019,Jan,38406.88,249317.38,4.68,244833.06,115.95,130.76,101.58,7.34,5.14,12.15,12.5,201336,40.2953,154.243,368.017,1/1/2019
2019,Feb,39985.55,255585.11,4.65,199073.65,113.81,130.29,100.23,7.28,5.16,12.13,12.47,212252,50.04,144.49,328.15,2/1/2019
2019,Mar,39985.55,255585.1,4.67,221925.97,113.51,132.29,100.36,7.22,5.05,12.13,12.51,226957,50.36,161.38,368.39,3/1/2019
2019,Apr,32822.84,252517.95,4.91,245359.52,113.58,131.77,101.07,7.17,4.75,12.15,12.5,230220,52.0478,155.796,360.216,4/1/2019
2019,May,25701.96,245052.71,5.04,243193.33,113.17,130.07,101.15,7.2,4.71,12.13,12.47,224825,52.1958,153.257,364.254,5/1/2019
2019,Jun,41059.15,273004.28,5.16,295316.98,114.73,128.82,101.69,7.19,4.77,12.12,12.47,222484,46.8005,149.727,346.847,6/1/2019
2019,Jul,32995.8,250791.33,5.32,224487.33,115.83,128.92,103.16,6.97,4.77,11.89,12.39,222087,53.887,152.979,366.386,7/1/2019
2019,Aug,32995.8,250791.33,5.4,214313.94,114.96,125.59,103.3,6.91,4.54,11.97,12.46,222479,54.7751,151.828,368.504,8/1/2019
2019,Sep,31924.82,223883.28,5.24,214653.71,114.35,128.16,103.8,6.98,4.58,11.99,12.47,224959,55.7004,151.224,365.908,9/1/2019
2019,Oct,31924.82,223883.28,5.19,224297.19,114.41,130.65,103.67,6.96,4.44,11.88,12.43,223176,56.293,156.11,366.901,10/1/2019
2019,Nov,37303.25,231325.07,5.19,218844.75,113.22,131.96,102.39,6.56,4.47,11.63,12.38,222211,58.039,153.056,359.261,11/1/2019
2019,Dec,37303.25,231325.07,5.2,250307.74,112.67,132.88,101.5,7.11,4.02,11.67,12.24,224108,58.3613,154.99,382.93,12/1/2019
2020,Jan,41838.3,201733.84,5.29,259392.71,112.29,132.15,101.09,7.07,4.25,11.97,12.29,231292,59.1672,150.204,371.9,1/1/2020
2020,Feb,43637.41,228198.58,5.72,218991.93,109.94,130.83,100.79,7.06,4.2,11.82,12.19,235543,58.6665,148.53,350.481,2/1/2020
2020,Mar,46299.62,215380.13,5.84,228810.78,114.67,128.54,103.74,7.07,4.15,11.79,12.09,240261,58.7131,150.687,364.511,3/1/2020
2020,Apr,36857.98,208242.79,6.03,208217.73,115.61,131.92,106.41,7.01,4.21,11.55,11.92,242275,59.4282,124.994,307.991,4/1/2020
2020,May,40415.89,206741,6.18,258150.07,116.12,131.29,106.68,6.96,4.18,11.61,11.95,243118,60.2432,135.932,357.37,5/1/2020
2020,Jun,36639.97,224882.66,6.16,288544.37,119.83,133.38,106.4,6.86,4.15,11.24,11.89,237637,61.7261,143.14,392.172,6/1/2020
2020,Jul,36639.97,224882.66,6.01,276987.67,122.51,135.3,107.27,6.78,4.11,11.18,11.94,234747,62.0651,157.755,450.981,7/1/2020
2020,Aug,46347.99,210868.59,5.87,274138.44,127.83,141.85,108.14,6.64,4.11,11.18,11.94,252703,62.7834,163.207,473.522,8/1/2020
2020,Sep,44353.28,214037.23,5.79,260672.41,128.01,140.89,108.41,6.41,3.78,11.15,11.75,263200,64.0304,163.342,483.215,9/1/2020
2020,Oct,67083.3,166650.79,5.67,263100.89,127.85,140.94,108.64,6.26,3.38,11.44,11.98,273531,65.255,174.106,528.904,10/1/2020
2020,Nov,42028.94,226499.56,5.53,257685.65,129.15,144.13,109.25,6.31,3.42,11.39,11.99,275960,65.7662,170.028,526.806,11/1/2020
2020,Dec,53150.9,212198.66,5.41,299579.26,134.33,148.42,110.59,6.3,2.7,11.51,12.02,282929,66.01,181.37,605.69,12/1/2020
2021,Jan,45340.39,243822.16,5.74,278346.65,133.8,149.75,109.83,6.31,2.73,11.43,12,287410,66.59,173.91,590.36,1/1/2021
2021,Feb,72011.86,205526.78,5.16,260285.77,132.62,151.8,109.68,6.47,3.37,11.52,12.02,294111,67.16,164.2,567.99,2/1/2021
2021,Mar,62270.33,216923.65,5.17,290771.19,130.86,152.21,109.73,6.46,3.48,11.61,12.05,293403,65.93,182.29,537.75,3/1/2021
2021,Apr,56233.98,206633.67,4.66,299290.39,129.13,149.3,107.95,6.3,2.66,11.66,12.08,294706,67.11,173.35,502.22,4/1/2021
2021,May,51306.75,222878.09,5.2,315801.81,130.41,151.06,107.43,6.3,2.55,11.57,12.06,298883,67.77,180.76,536.69,5/1/2021
2021,Jun,47504.35,224143.7,5.35,305901.72,130.07,151.45,107.81,6.37,2.55,11.18,12.02,301457,67.78,175.83,532.63,6/1/2021
2021,Jul,50931.98,208035.58,5.53,336711.49,127.89,149.37,108.14,6.34,2.51,11.44,12.09,303718,68.54,184,587.98,7/1/2021
2021,Aug,46097.38,211170.46,5.71,312931.2,128.59,150.87,109.24,6.3,2.64,11.38,12.12,304822,68.09,184.51,586.52,8/1/2021
2021,Sep,46225.7,214127.42,5.35,309804.43,129.78,151.51,110.15,6.34,2.57,11.34,12.1,305831,67.7,180.85,585.38,9/1/2021
2021,Oct,50256.35,198312.28,6.07,337412.55,128.6,151.58,110.86,6.39,2.58,11.33,12.12,295105,66.88,190.06,618.14,10/1/2021
2021,Nov,44906.84,233976.45,6.1,320073.62,127.94,150.97,111.92,6.43,2.6,11.41,12.15,299053,67.15,185.98,600.97,11/1/2021
2021,Dec,44906.84,233976.45,5.62,350562.38,127.64,150.15,112.91,6.5,2.55,11.45,12.16,298272,68.03,189.8,622.14,12/1/2021
